<configs>
<!-- ALWAYS OPEN WILD WEST TRADERS -->
<!-- Trader JOEL -->	
<set xpath="/traders/trader_info[@id='1']/@open_time">00:00</set>
<set xpath="/traders/trader_info[@id='1']/@close_time">00:00</set>
<!-- Trader JEN -->
<set xpath="/traders/trader_info[@id='2']/@open_time">00:00</set>
<set xpath="/traders/trader_info[@id='2']/@close_time">00:00</set>
<!-- Trader BOB -->
<set xpath="/traders/trader_info[@id='6']/@open_time">00:00</set>
<set xpath="/traders/trader_info[@id='6']/@close_time">00:00</set>
<!-- Trader HUGH -->
<set xpath="/traders/trader_info[@id='7']/@open_time">00:00</set>
<set xpath="/traders/trader_info[@id='7']/@close_time">00:00</set>
<!-- Trader REKT -->
<set xpath="/traders/trader_info[@id='8']/@open_time">00:00</set>
<set xpath="/traders/trader_info[@id='8']/@close_time">00:00</set>
</configs>
