<Preppocalypse>

<!-- Speeding up forge empty time -->

<remove xpath="/recipes/recipe[@name='resourceClayLump']"/>
<remove xpath="/recipes/recipe[@name='resourceCrushedSand']"/>
<remove xpath="/recipes/recipe[@name='resourceRockSmall']"/>
<remove xpath="/recipes/recipe[@name='resourceScrapBrass']"/>
<remove xpath="/recipes/recipe[@name='resourceScrapIron']"/>
<remove xpath="/recipes/recipe[@name='resourceScrapLead']"/>

<!-- New Alternatives with craft_time from 1 to 0.025 -->
<append xpath="/recipes">

<recipe name="resourceClayLump" count="1" material_based="true" craft_area="forge" is_trackable="false" craft_time="0.025" craft_exp_gain="0" always_unlocked="true" use_ingredient_modifier="false">
	<ingredient name="unit_clay" count="5"/>
</recipe>

<recipe name="resourceCrushedSand" count="1" material_based="true" craft_area="forge" is_trackable="false" craft_time="0.025" craft_exp_gain="0" always_unlocked="true" use_ingredient_modifier="false">
	<ingredient name="unit_glass" count="4"/>
</recipe>

<recipe name="resourceRockSmall" count="1" material_based="true" craft_area="forge" is_trackable="false" craft_time="0.025" craft_exp_gain="0" always_unlocked="true" use_ingredient_modifier="false">
	<ingredient name="unit_stone" count="5"/>
</recipe>

<recipe name="resourceScrapBrass" count="1" material_based="true" craft_area="forge" is_trackable="false" craft_time="0.025" craft_exp_gain="0" always_unlocked="true" use_ingredient_modifier="false">
	<ingredient name="unit_brass" count="1"/>
</recipe>

<recipe name="resourceScrapIron" count="1" material_based="true" craft_area="forge" is_trackable="false" craft_time="0.025" craft_exp_gain="0" always_unlocked="true" use_ingredient_modifier="false">
	<ingredient name="unit_iron" count="1"/>
</recipe>

<recipe name="resourceScrapLead" count="1" material_based="true" craft_area="forge" is_trackable="false" craft_time="0.025" craft_exp_gain="0" always_unlocked="true" use_ingredient_modifier="false">
	<ingredient name="unit_lead" count="1"/>
</recipe>

</append>

</Preppocalypse>